{"cameraMode":{"drawMode":0,"name":"Shaded","section":"Shading Mode"},"sceneLighting":true,"audioPlay":false,"sceneViewState":{"showFog":true,"showMaterialUpdate":false,"showSkybox":true,"showFlares":true,"showImageEffects":true,"showParticleSystems":true},"in2DMode":false,"pivot":{"x":-0.4706001281738281,"y":-0.2676992416381836,"z":-6.23271369934082},"rotation":{"x":-0.13528497517108918,"y":0.7858188152313232,"z":-0.18508021533489228,"w":-0.5743971467018127},"size":27.529712677001954,"orthographic":false}